Kingdom,Phylum,Class,Order,Family,Genus
Bacteria,Actinobacteria,Acidimicrobiia,Microtrichales,Iamiaceae,Iamia
Bacteria,Actinobacteria,Actinobacteria,Bifidobacteriales,Bifidobacteriaceae,Bifidobacterium
Bacteria,Actinobacteria,Actinobacteria,Bifidobacteriales,Bifidobacteriaceae,Gardnerella
Bacteria,Actinobacteria,Actinobacteria,Bifidobacteriales,Bifidobacteriaceae,Gardnerella
Bacteria,Actinobacteria,Actinobacteria,Corynebacteriales,Corynebacteriaceae,Corynebacterium_1
Bacteria,Actinobacteria,Actinobacteria,Corynebacteriales,Corynebacteriaceae,Corynebacterium_1
Bacteria,Actinobacteria,Actinobacteria,Corynebacteriales,Corynebacteriaceae,Corynebacterium_1
Bacteria,Actinobacteria,Actinobacteria,Corynebacteriales,Nocardiaceae,Rhodococcus
Bacteria,Actinobacteria,Actinobacteria,Micrococcales,Brevibacteriaceae,Brevibacterium
Bacteria,Actinobacteria,Actinobacteria,Micrococcales,Microbacteriaceae,Leucobacter
Bacteria,Actinobacteria,Actinobacteria,Micrococcales,Microbacteriaceae,Leucobacter
Bacteria,Actinobacteria,Actinobacteria,Micrococcales,Microbacteriaceae,Leucobacter
Bacteria,Actinobacteria,Actinobacteria,Micrococcales,Microbacteriaceae,Leucobacter
Bacteria,Actinobacteria,Actinobacteria,Micrococcales,Microbacteriaceae,Leucobacter
Bacteria,Actinobacteria,Actinobacteria,Micrococcales,Microbacteriaceae,Microbacterium
Bacteria,Actinobacteria,Actinobacteria,Micrococcales,Micrococcaceae,Glutamicibacter
Bacteria,Actinobacteria,Actinobacteria,Propionibacteriales,Propionibacteriaceae,Cutibacterium
Bacteria,Bacteroidetes,Bacteroidia,Bacteroidales,Tannerellaceae,Macellibacteroides
Bacteria,Bacteroidetes,Bacteroidia,Chitinophagales,Chitinophagaceae,Sediminibacterium
Bacteria,Bacteroidetes,Bacteroidia,Chitinophagales,Saprospiraceae,unclassified
Bacteria,Bacteroidetes,Bacteroidia,Cytophagales,Cyclobacteriaceae,unclassified
Bacteria,Bacteroidetes,Bacteroidia,Cytophagales,Hymenobacteraceae,Hymenobacter
Bacteria,Bacteroidetes,Bacteroidia,Cytophagales,Spirosomaceae,Dyadobacter
Bacteria,Bacteroidetes,Bacteroidia,Cytophagales,Spirosomaceae,Dyadobacter
Bacteria,Bacteroidetes,Bacteroidia,Cytophagales,Spirosomaceae,Dyadobacter
Bacteria,Bacteroidetes,Bacteroidia,Cytophagales,Spirosomaceae,Dyadobacter
Bacteria,Bacteroidetes,Bacteroidia,Cytophagales,Spirosomaceae,Dyadobacter
Bacteria,Bacteroidetes,Bacteroidia,Cytophagales,Spirosomaceae,Dyadobacter
Bacteria,Bacteroidetes,Bacteroidia,Cytophagales,Spirosomaceae,Lacihabitans
Bacteria,Bacteroidetes,Bacteroidia,Cytophagales,Spirosomaceae,Leadbetterella
Bacteria,Bacteroidetes,Bacteroidia,Cytophagales,Spirosomaceae,Leadbetterella
Bacteria,Bacteroidetes,Bacteroidia,Cytophagales,Spirosomaceae,Persicitalea
Bacteria,Bacteroidetes,Bacteroidia,Flavobacteriales,Crocinitomicaceae,Fluviicola
Bacteria,Bacteroidetes,Bacteroidia,Flavobacteriales,Flavobacteriaceae,Flavobacterium
Bacteria,Bacteroidetes,Bacteroidia,Flavobacteriales,Flavobacteriaceae,Flavobacterium
Bacteria,Bacteroidetes,Bacteroidia,Flavobacteriales,Flavobacteriaceae,Flavobacterium
Bacteria,Bacteroidetes,Bacteroidia,Flavobacteriales,Flavobacteriaceae,Flavobacterium
Bacteria,Bacteroidetes,Bacteroidia,Flavobacteriales,Flavobacteriaceae,Flavobacterium
Bacteria,Bacteroidetes,Bacteroidia,Flavobacteriales,Flavobacteriaceae,Flavobacterium
Bacteria,Bacteroidetes,Bacteroidia,Flavobacteriales,Flavobacteriaceae,Flavobacterium
Bacteria,Bacteroidetes,Bacteroidia,Flavobacteriales,Flavobacteriaceae,Flavobacterium
Bacteria,Bacteroidetes,Bacteroidia,Flavobacteriales,Flavobacteriaceae,Flavobacterium
Bacteria,Bacteroidetes,Bacteroidia,Flavobacteriales,Flavobacteriaceae,Flavobacterium
Bacteria,Bacteroidetes,Bacteroidia,Flavobacteriales,Flavobacteriaceae,Flavobacterium
Bacteria,Bacteroidetes,Bacteroidia,Flavobacteriales,Flavobacteriaceae,Flavobacterium
Bacteria,Bacteroidetes,Bacteroidia,Flavobacteriales,Flavobacteriaceae,Flavobacterium
Bacteria,Bacteroidetes,Bacteroidia,Flavobacteriales,Flavobacteriaceae,Flavobacterium
Bacteria,Bacteroidetes,Bacteroidia,Flavobacteriales,Flavobacteriaceae,Flavobacterium
Bacteria,Bacteroidetes,Bacteroidia,Flavobacteriales,Flavobacteriaceae,Flavobacterium
Bacteria,Bacteroidetes,Bacteroidia,Flavobacteriales,Flavobacteriaceae,Flavobacterium
Bacteria,Bacteroidetes,Bacteroidia,Flavobacteriales,Flavobacteriaceae,Flavobacterium
Bacteria,Bacteroidetes,Bacteroidia,Flavobacteriales,Flavobacteriaceae,Flavobacterium
Bacteria,Bacteroidetes,Bacteroidia,Flavobacteriales,Flavobacteriaceae,Flavobacterium
Bacteria,Bacteroidetes,Bacteroidia,Flavobacteriales,Flavobacteriaceae,Flavobacterium
Bacteria,Bacteroidetes,Bacteroidia,Flavobacteriales,Flavobacteriaceae,Flavobacterium
Bacteria,Bacteroidetes,Bacteroidia,Flavobacteriales,Flavobacteriaceae,Flavobacterium
Bacteria,Bacteroidetes,Bacteroidia,Flavobacteriales,Flavobacteriaceae,Flavobacterium
Bacteria,Bacteroidetes,Bacteroidia,Flavobacteriales,Flavobacteriaceae,Flavobacterium
Bacteria,Bacteroidetes,Bacteroidia,Flavobacteriales,Flavobacteriaceae,Flavobacterium
Bacteria,Bacteroidetes,Bacteroidia,Flavobacteriales,Flavobacteriaceae,Flavobacterium
Bacteria,Bacteroidetes,Bacteroidia,Flavobacteriales,Flavobacteriaceae,Flavobacterium
Bacteria,Bacteroidetes,Bacteroidia,Flavobacteriales,Flavobacteriaceae,Flavobacterium
Bacteria,Bacteroidetes,Bacteroidia,Flavobacteriales,Flavobacteriaceae,Flavobacterium
Bacteria,Bacteroidetes,Bacteroidia,Flavobacteriales,Flavobacteriaceae,Flavobacterium
Bacteria,Bacteroidetes,Bacteroidia,Flavobacteriales,Flavobacteriaceae,Flavobacterium
Bacteria,Bacteroidetes,Bacteroidia,Flavobacteriales,Flavobacteriaceae,Flavobacterium
Bacteria,Bacteroidetes,Bacteroidia,Flavobacteriales,Flavobacteriaceae,Flavobacterium
Bacteria,Bacteroidetes,Bacteroidia,Flavobacteriales,Flavobacteriaceae,Flavobacterium
Bacteria,Bacteroidetes,Bacteroidia,Flavobacteriales,Flavobacteriaceae,Flavobacterium
Bacteria,Bacteroidetes,Bacteroidia,Flavobacteriales,Flavobacteriaceae,Flavobacterium
Bacteria,Bacteroidetes,Bacteroidia,Flavobacteriales,Flavobacteriaceae,Flavobacterium
Bacteria,Bacteroidetes,Bacteroidia,Flavobacteriales,Flavobacteriaceae,Flavobacterium
Bacteria,Bacteroidetes,Bacteroidia,Flavobacteriales,Flavobacteriaceae,Flavobacterium
Bacteria,Bacteroidetes,Bacteroidia,Flavobacteriales,Flavobacteriaceae,Flavobacterium
Bacteria,Bacteroidetes,Bacteroidia,Flavobacteriales,Flavobacteriaceae,Flavobacterium
Bacteria,Bacteroidetes,Bacteroidia,Flavobacteriales,Flavobacteriaceae,Flavobacterium
Bacteria,Bacteroidetes,Bacteroidia,Flavobacteriales,Flavobacteriaceae,Flavobacterium
Bacteria,Bacteroidetes,Bacteroidia,Flavobacteriales,Flavobacteriaceae,Flavobacterium
Bacteria,Bacteroidetes,Bacteroidia,Flavobacteriales,Flavobacteriaceae,Flavobacterium
Bacteria,Bacteroidetes,Bacteroidia,Flavobacteriales,Flavobacteriaceae,Flavobacterium
Bacteria,Bacteroidetes,Bacteroidia,Flavobacteriales,Flavobacteriaceae,Flavobacterium
Bacteria,Bacteroidetes,Bacteroidia,Flavobacteriales,Flavobacteriaceae,Flavobacterium
Bacteria,Bacteroidetes,Bacteroidia,Flavobacteriales,Flavobacteriaceae,Flavobacterium
Bacteria,Bacteroidetes,Bacteroidia,Flavobacteriales,Flavobacteriaceae,Flavobacterium
Bacteria,Bacteroidetes,Bacteroidia,Flavobacteriales,Flavobacteriaceae,Flavobacterium
Bacteria,Bacteroidetes,Bacteroidia,Flavobacteriales,Flavobacteriaceae,Flavobacterium
Bacteria,Bacteroidetes,Bacteroidia,Flavobacteriales,Flavobacteriaceae,Flavobacterium
Bacteria,Bacteroidetes,Bacteroidia,Flavobacteriales,Flavobacteriaceae,Flavobacterium
Bacteria,Bacteroidetes,Bacteroidia,Flavobacteriales,Flavobacteriaceae,Flavobacterium
Bacteria,Bacteroidetes,Bacteroidia,Flavobacteriales,Flavobacteriaceae,Flavobacterium
Bacteria,Bacteroidetes,Bacteroidia,Flavobacteriales,Flavobacteriaceae,Flavobacterium
Bacteria,Bacteroidetes,Bacteroidia,Flavobacteriales,Weeksellaceae,Algoriella
Bacteria,Bacteroidetes,Bacteroidia,Flavobacteriales,Weeksellaceae,Chryseobacterium
Bacteria,Bacteroidetes,Bacteroidia,Flavobacteriales,Weeksellaceae,Chryseobacterium
Bacteria,Bacteroidetes,Bacteroidia,Flavobacteriales,Weeksellaceae,Chryseobacterium
Bacteria,Bacteroidetes,Bacteroidia,Flavobacteriales,Weeksellaceae,Chryseobacterium
Bacteria,Bacteroidetes,Bacteroidia,Flavobacteriales,Weeksellaceae,Chryseobacterium
Bacteria,Bacteroidetes,Bacteroidia,Flavobacteriales,Weeksellaceae,Chryseobacterium
Bacteria,Bacteroidetes,Bacteroidia,Flavobacteriales,Weeksellaceae,Chryseobacterium
Bacteria,Bacteroidetes,Bacteroidia,Flavobacteriales,Weeksellaceae,Chryseobacterium
Bacteria,Bacteroidetes,Bacteroidia,Flavobacteriales,Weeksellaceae,Chryseobacterium
Bacteria,Bacteroidetes,Bacteroidia,Flavobacteriales,Weeksellaceae,Chryseobacterium
Bacteria,Bacteroidetes,Bacteroidia,Flavobacteriales,Weeksellaceae,Chryseobacterium
Bacteria,Bacteroidetes,Bacteroidia,Flavobacteriales,Weeksellaceae,Chryseobacterium
Bacteria,Bacteroidetes,Bacteroidia,Flavobacteriales,Weeksellaceae,Chryseobacterium
Bacteria,Bacteroidetes,Bacteroidia,Flavobacteriales,Weeksellaceae,Chryseobacterium
Bacteria,Bacteroidetes,Bacteroidia,Flavobacteriales,Weeksellaceae,Chryseobacterium
Bacteria,Bacteroidetes,Bacteroidia,Flavobacteriales,Weeksellaceae,Chryseobacterium
Bacteria,Bacteroidetes,Bacteroidia,Flavobacteriales,Weeksellaceae,Chryseobacterium
Bacteria,Bacteroidetes,Bacteroidia,Flavobacteriales,Weeksellaceae,Chryseobacterium
Bacteria,Bacteroidetes,Bacteroidia,Flavobacteriales,Weeksellaceae,Chryseobacterium
Bacteria,Bacteroidetes,Bacteroidia,Flavobacteriales,Weeksellaceae,Chryseobacterium
Bacteria,Bacteroidetes,Bacteroidia,Flavobacteriales,Weeksellaceae,Chryseobacterium
Bacteria,Bacteroidetes,Bacteroidia,Flavobacteriales,Weeksellaceae,Chryseobacterium
Bacteria,Bacteroidetes,Bacteroidia,Flavobacteriales,Weeksellaceae,Chryseobacterium
Bacteria,Bacteroidetes,Bacteroidia,Flavobacteriales,Weeksellaceae,Chryseobacterium
Bacteria,Bacteroidetes,Bacteroidia,Flavobacteriales,Weeksellaceae,Cloacibacterium
Bacteria,Bacteroidetes,Bacteroidia,Flavobacteriales,Weeksellaceae,Cloacibacterium
Bacteria,Bacteroidetes,Bacteroidia,Flavobacteriales,Weeksellaceae,Cloacibacterium
Bacteria,Bacteroidetes,Bacteroidia,Flavobacteriales,Weeksellaceae,Cloacibacterium
Bacteria,Bacteroidetes,Bacteroidia,Flavobacteriales,Weeksellaceae,Elizabethkingia
Bacteria,Bacteroidetes,Bacteroidia,Flavobacteriales,Weeksellaceae,Elizabethkingia
Bacteria,Bacteroidetes,Bacteroidia,Flavobacteriales,Weeksellaceae,Elizabethkingia
Bacteria,Bacteroidetes,Bacteroidia,Flavobacteriales,Weeksellaceae,Empedobacter
Bacteria,Bacteroidetes,Bacteroidia,Flavobacteriales,Weeksellaceae,Soonwooa
Bacteria,Bacteroidetes,Bacteroidia,Sphingobacteriales,env.OPS_17,unclassified
Bacteria,Bacteroidetes,Bacteroidia,Sphingobacteriales,Sphingobacteriaceae,Mucilaginibacter
Bacteria,Bacteroidetes,Bacteroidia,Sphingobacteriales,Sphingobacteriaceae,Pedobacter
Bacteria,Bacteroidetes,Bacteroidia,Sphingobacteriales,Sphingobacteriaceae,Pedobacter
Bacteria,Bacteroidetes,Bacteroidia,Sphingobacteriales,Sphingobacteriaceae,Pedobacter
Bacteria,Bacteroidetes,Bacteroidia,Sphingobacteriales,Sphingobacteriaceae,Pedobacter
Bacteria,Bacteroidetes,Bacteroidia,Sphingobacteriales,Sphingobacteriaceae,Pedobacter
Bacteria,Bacteroidetes,Bacteroidia,Sphingobacteriales,Sphingobacteriaceae,Sphingobacterium
Bacteria,Bacteroidetes,Bacteroidia,Sphingobacteriales,Sphingobacteriaceae,Sphingobacterium
Bacteria,Bacteroidetes,Bacteroidia,Sphingobacteriales,Sphingobacteriaceae,Sphingobacterium
Bacteria,Bacteroidetes,Bacteroidia,Sphingobacteriales,Sphingobacteriaceae,Sphingobacterium
Bacteria,Bacteroidetes,Bacteroidia,Sphingobacteriales,Sphingobacteriaceae,Sphingobacterium
Bacteria,Chloroflexi,Anaerolineae,Caldilineales,Caldilineaceae,unclassified
Bacteria,Chloroflexi,Chloroflexia,Thermomicrobiales,JG30-KF-CM45,unclassified
Bacteria,Cyanobacteria,Oxyphotobacteria,Chloroplast,unclassified,unclassified
Bacteria,Firmicutes,Bacilli,Bacillales,Bacillaceae,Bacillus
Bacteria,Firmicutes,Bacilli,Lactobacillales,Carnobacteriaceae,Trichococcus
Bacteria,Firmicutes,Bacilli,Lactobacillales,unclassified,unclassified
Bacteria,Firmicutes,Bacilli,unclassified,unclassified,unclassified
Bacteria,Firmicutes,Clostridia,Clostridiales,Ruminococcaceae,Subdoligranulum
Bacteria,Proteobacteria,Alphaproteobacteria,Acetobacterales,Acetobacteraceae,Roseomonas
Bacteria,Proteobacteria,Alphaproteobacteria,Acetobacterales,Acetobacteraceae,Roseomonas
Bacteria,Proteobacteria,Alphaproteobacteria,Acetobacterales,Acetobacteraceae,Roseomonas
Bacteria,Proteobacteria,Alphaproteobacteria,Caulobacterales,Caulobacteraceae,Brevundimonas
Bacteria,Proteobacteria,Alphaproteobacteria,Caulobacterales,Caulobacteraceae,Brevundimonas
Bacteria,Proteobacteria,Alphaproteobacteria,Caulobacterales,Caulobacteraceae,Brevundimonas
Bacteria,Proteobacteria,Alphaproteobacteria,Caulobacterales,Caulobacteraceae,Brevundimonas
Bacteria,Proteobacteria,Alphaproteobacteria,Caulobacterales,Caulobacteraceae,Brevundimonas
Bacteria,Proteobacteria,Alphaproteobacteria,Caulobacterales,Caulobacteraceae,Brevundimonas
Bacteria,Proteobacteria,Alphaproteobacteria,Caulobacterales,Caulobacteraceae,Brevundimonas
Bacteria,Proteobacteria,Alphaproteobacteria,Caulobacterales,Caulobacteraceae,Brevundimonas
Bacteria,Proteobacteria,Alphaproteobacteria,Caulobacterales,Caulobacteraceae,Brevundimonas
Bacteria,Proteobacteria,Alphaproteobacteria,Caulobacterales,Caulobacteraceae,Brevundimonas
Bacteria,Proteobacteria,Alphaproteobacteria,Caulobacterales,Caulobacteraceae,Brevundimonas
Bacteria,Proteobacteria,Alphaproteobacteria,Caulobacterales,Caulobacteraceae,Caulobacter
Bacteria,Proteobacteria,Alphaproteobacteria,Caulobacterales,Caulobacteraceae,Caulobacter
Bacteria,Proteobacteria,Alphaproteobacteria,Caulobacterales,Caulobacteraceae,Caulobacter
Bacteria,Proteobacteria,Alphaproteobacteria,Caulobacterales,Caulobacteraceae,Phenylobacterium
Bacteria,Proteobacteria,Alphaproteobacteria,Rhizobiales,Beijerinckiaceae,Bosea
Bacteria,Proteobacteria,Alphaproteobacteria,Rhizobiales,Beijerinckiaceae,Bosea
Bacteria,Proteobacteria,Alphaproteobacteria,Rhizobiales,Beijerinckiaceae,Bosea
Bacteria,Proteobacteria,Alphaproteobacteria,Rhizobiales,Beijerinckiaceae,Chelatococcus
Bacteria,Proteobacteria,Alphaproteobacteria,Rhizobiales,Devosiaceae,Devosia
Bacteria,Proteobacteria,Alphaproteobacteria,Rhizobiales,Hyphomicrobiaceae,Hyphomicrobium
Bacteria,Proteobacteria,Alphaproteobacteria,Rhizobiales,Hyphomicrobiaceae,Hyphomicrobium
Bacteria,Proteobacteria,Alphaproteobacteria,Rhizobiales,Kaistiaceae,Kaistia
Bacteria,Proteobacteria,Alphaproteobacteria,Rhizobiales,Rhizobiaceae,Allorhizobium-Neorhizobium-Pararhizobium-Rhizobium
Bacteria,Proteobacteria,Alphaproteobacteria,Rhizobiales,Rhizobiaceae,Allorhizobium-Neorhizobium-Pararhizobium-Rhizobium
Bacteria,Proteobacteria,Alphaproteobacteria,Rhizobiales,Rhizobiaceae,Allorhizobium-Neorhizobium-Pararhizobium-Rhizobium
Bacteria,Proteobacteria,Alphaproteobacteria,Rhizobiales,Rhizobiaceae,Aminobacter
Bacteria,Proteobacteria,Alphaproteobacteria,Rhizobiales,Rhizobiaceae,Aquamicrobium
Bacteria,Proteobacteria,Alphaproteobacteria,Rhizobiales,Rhizobiaceae,Brucella
Bacteria,Proteobacteria,Alphaproteobacteria,Rhizobiales,Rhizobiaceae,Mesorhizobium
Bacteria,Proteobacteria,Alphaproteobacteria,Rhizobiales,Rhizobiaceae,Pseudochrobactrum
Bacteria,Proteobacteria,Alphaproteobacteria,Rhizobiales,Rhizobiaceae,Shinella
Bacteria,Proteobacteria,Alphaproteobacteria,Rhizobiales,Rhizobiaceae,Shinella
Bacteria,Proteobacteria,Alphaproteobacteria,Rhizobiales,Rhizobiaceae,Shinella
Bacteria,Proteobacteria,Alphaproteobacteria,Rhizobiales,Rhizobiales_Incertae_Sedis,Phreatobacter
Bacteria,Proteobacteria,Alphaproteobacteria,Rhizobiales,Rhizobiales_Incertae_Sedis,unclassified
Bacteria,Proteobacteria,Alphaproteobacteria,Rhizobiales,Xanthobacteraceae,Ancylobacter
Bacteria,Proteobacteria,Alphaproteobacteria,Rhodobacterales,Rhodobacteraceae,Defluviimonas
Bacteria,Proteobacteria,Alphaproteobacteria,Rhodobacterales,Rhodobacteraceae,Gemmobacter
Bacteria,Proteobacteria,Alphaproteobacteria,Rhodobacterales,Rhodobacteraceae,Pseudorhodobacter
Bacteria,Proteobacteria,Alphaproteobacteria,Rhodobacterales,Rhodobacteraceae,Pseudorhodobacter
Bacteria,Proteobacteria,Alphaproteobacteria,Rhodobacterales,Rhodobacteraceae,Rhodobacter
Bacteria,Proteobacteria,Alphaproteobacteria,Rhodobacterales,Rhodobacteraceae,Rhodobacter
Bacteria,Proteobacteria,Alphaproteobacteria,Rhodobacterales,Rhodobacteraceae,Rhodobacter
Bacteria,Proteobacteria,Alphaproteobacteria,Rhodobacterales,Rhodobacteraceae,Rhodobacter
Bacteria,Proteobacteria,Alphaproteobacteria,Rhodobacterales,Rhodobacteraceae,Tabrizicola
Bacteria,Proteobacteria,Alphaproteobacteria,Rhodobacterales,Rhodobacteraceae,Tabrizicola
Bacteria,Proteobacteria,Alphaproteobacteria,Sphingomonadales,Sphingomonadaceae,Novosphingobium
Bacteria,Proteobacteria,Alphaproteobacteria,Sphingomonadales,Sphingomonadaceae,Novosphingobium
Bacteria,Proteobacteria,Alphaproteobacteria,Sphingomonadales,Sphingomonadaceae,Sphingobium
Bacteria,Proteobacteria,Alphaproteobacteria,Sphingomonadales,Sphingomonadaceae,Sphingobium
Bacteria,Proteobacteria,Alphaproteobacteria,Sphingomonadales,Sphingomonadaceae,Sphingobium
Bacteria,Proteobacteria,Alphaproteobacteria,Sphingomonadales,Sphingomonadaceae,Sphingobium
Bacteria,Proteobacteria,Alphaproteobacteria,Sphingomonadales,Sphingomonadaceae,Sphingomonas
Bacteria,Proteobacteria,Alphaproteobacteria,Sphingomonadales,Sphingomonadaceae,Sphingomonas
Bacteria,Proteobacteria,Alphaproteobacteria,Sphingomonadales,Sphingomonadaceae,Sphingopyxis
Bacteria,Proteobacteria,Alphaproteobacteria,Sphingomonadales,Sphingomonadaceae,Sphingorhabdus
Bacteria,Proteobacteria,Alphaproteobacteria,Sphingomonadales,Sphingomonadaceae,Sphingorhabdus
Bacteria,Proteobacteria,Alphaproteobacteria,Sphingomonadales,Sphingomonadaceae,unclassified
Bacteria,Proteobacteria,Alphaproteobacteria,Sphingomonadales,Sphingomonadaceae,unclassified
Bacteria,Proteobacteria,Deltaproteobacteria,Myxococcales,Myxococcaceae,Myxococcus
Bacteria,Proteobacteria,Deltaproteobacteria,Myxococcales,Polyangiaceae,Pajaroellobacter
Bacteria,Proteobacteria,Gammaproteobacteria,Aeromonadales,Aeromonadaceae,Aeromonas
Bacteria,Proteobacteria,Gammaproteobacteria,Aeromonadales,Aeromonadaceae,Aeromonas
Bacteria,Proteobacteria,Gammaproteobacteria,Aeromonadales,Aeromonadaceae,Aeromonas
Bacteria,Proteobacteria,Gammaproteobacteria,Aeromonadales,Aeromonadaceae,Aeromonas
Bacteria,Proteobacteria,Gammaproteobacteria,Aeromonadales,Aeromonadaceae,Aeromonas
Bacteria,Proteobacteria,Gammaproteobacteria,Aeromonadales,Aeromonadaceae,Aeromonas
Bacteria,Proteobacteria,Gammaproteobacteria,Aeromonadales,Aeromonadaceae,Aeromonas
Bacteria,Proteobacteria,Gammaproteobacteria,Aeromonadales,Aeromonadaceae,Aeromonas
Bacteria,Proteobacteria,Gammaproteobacteria,Aeromonadales,Aeromonadaceae,Aeromonas
Bacteria,Proteobacteria,Gammaproteobacteria,Aeromonadales,Aeromonadaceae,Aeromonas
Bacteria,Proteobacteria,Gammaproteobacteria,Aeromonadales,Aeromonadaceae,Aeromonas
Bacteria,Proteobacteria,Gammaproteobacteria,Aeromonadales,Aeromonadaceae,Aeromonas
Bacteria,Proteobacteria,Gammaproteobacteria,Aeromonadales,Aeromonadaceae,Aeromonas
Bacteria,Proteobacteria,Gammaproteobacteria,Aeromonadales,Aeromonadaceae,Aeromonas
Bacteria,Proteobacteria,Gammaproteobacteria,Aeromonadales,Aeromonadaceae,Aeromonas
Bacteria,Proteobacteria,Gammaproteobacteria,Aeromonadales,Aeromonadaceae,Aeromonas
Bacteria,Proteobacteria,Gammaproteobacteria,Aeromonadales,Aeromonadaceae,Aeromonas
Bacteria,Proteobacteria,Gammaproteobacteria,Aeromonadales,Aeromonadaceae,Aeromonas
Bacteria,Proteobacteria,Gammaproteobacteria,Aeromonadales,Aeromonadaceae,Aeromonas
Bacteria,Proteobacteria,Gammaproteobacteria,Aeromonadales,Aeromonadaceae,Aeromonas
Bacteria,Proteobacteria,Gammaproteobacteria,Aeromonadales,Aeromonadaceae,Aeromonas
Bacteria,Proteobacteria,Gammaproteobacteria,Aeromonadales,Aeromonadaceae,Aeromonas
Bacteria,Proteobacteria,Gammaproteobacteria,Aeromonadales,Aeromonadaceae,Aeromonas
Bacteria,Proteobacteria,Gammaproteobacteria,Aeromonadales,Aeromonadaceae,Aeromonas
Bacteria,Proteobacteria,Gammaproteobacteria,Aeromonadales,Aeromonadaceae,Aeromonas
Bacteria,Proteobacteria,Gammaproteobacteria,Aeromonadales,Aeromonadaceae,Aeromonas
Bacteria,Proteobacteria,Gammaproteobacteria,Aeromonadales,Aeromonadaceae,Aeromonas
Bacteria,Proteobacteria,Gammaproteobacteria,Aeromonadales,Aeromonadaceae,Aeromonas
Bacteria,Proteobacteria,Gammaproteobacteria,Aeromonadales,Aeromonadaceae,Aeromonas
Bacteria,Proteobacteria,Gammaproteobacteria,Aeromonadales,Aeromonadaceae,Aeromonas
Bacteria,Proteobacteria,Gammaproteobacteria,Aeromonadales,Aeromonadaceae,Aeromonas
Bacteria,Proteobacteria,Gammaproteobacteria,Aeromonadales,Aeromonadaceae,Aeromonas
Bacteria,Proteobacteria,Gammaproteobacteria,Aeromonadales,Aeromonadaceae,Aeromonas
Bacteria,Proteobacteria,Gammaproteobacteria,Aeromonadales,Aeromonadaceae,Aeromonas
Bacteria,Proteobacteria,Gammaproteobacteria,Aeromonadales,Aeromonadaceae,Aeromonas
Bacteria,Proteobacteria,Gammaproteobacteria,Aeromonadales,Aeromonadaceae,Aeromonas
Bacteria,Proteobacteria,Gammaproteobacteria,Aeromonadales,Aeromonadaceae,Aeromonas
Bacteria,Proteobacteria,Gammaproteobacteria,Aeromonadales,Aeromonadaceae,Aeromonas
Bacteria,Proteobacteria,Gammaproteobacteria,Aeromonadales,Aeromonadaceae,Aeromonas
Bacteria,Proteobacteria,Gammaproteobacteria,Alteromonadales,Alteromonadaceae,Rheinheimera
Bacteria,Proteobacteria,Gammaproteobacteria,Alteromonadales,Shewanellaceae,Shewanella
Bacteria,Proteobacteria,Gammaproteobacteria,Alteromonadales,Shewanellaceae,Shewanella
Bacteria,Proteobacteria,Gammaproteobacteria,Alteromonadales,Shewanellaceae,Shewanella
Bacteria,Proteobacteria,Gammaproteobacteria,Alteromonadales,Shewanellaceae,Shewanella
Bacteria,Proteobacteria,Gammaproteobacteria,Alteromonadales,Shewanellaceae,Shewanella
Bacteria,Proteobacteria,Gammaproteobacteria,Alteromonadales,Shewanellaceae,Shewanella
Bacteria,Proteobacteria,Gammaproteobacteria,Alteromonadales,Shewanellaceae,Shewanella
Bacteria,Proteobacteria,Gammaproteobacteria,Alteromonadales,Shewanellaceae,Shewanella
Bacteria,Proteobacteria,Gammaproteobacteria,Alteromonadales,Shewanellaceae,Shewanella
Bacteria,Proteobacteria,Gammaproteobacteria,Alteromonadales,Shewanellaceae,Shewanella
Bacteria,Proteobacteria,Gammaproteobacteria,Alteromonadales,Shewanellaceae,Shewanella
Bacteria,Proteobacteria,Gammaproteobacteria,Alteromonadales,Shewanellaceae,Shewanella
Bacteria,Proteobacteria,Gammaproteobacteria,Alteromonadales,Shewanellaceae,Shewanella
Bacteria,Proteobacteria,Gammaproteobacteria,Alteromonadales,Shewanellaceae,Shewanella
Bacteria,Proteobacteria,Gammaproteobacteria,Alteromonadales,Shewanellaceae,Shewanella
Bacteria,Proteobacteria,Gammaproteobacteria,Alteromonadales,Shewanellaceae,Shewanella
Bacteria,Proteobacteria,Gammaproteobacteria,Alteromonadales,Shewanellaceae,Shewanella
Bacteria,Proteobacteria,Gammaproteobacteria,Alteromonadales,Shewanellaceae,Shewanella
Bacteria,Proteobacteria,Gammaproteobacteria,Betaproteobacteriales,Burkholderiaceae,Acidovorax
Bacteria,Proteobacteria,Gammaproteobacteria,Betaproteobacteriales,Burkholderiaceae,Acidovorax
Bacteria,Proteobacteria,Gammaproteobacteria,Betaproteobacteriales,Burkholderiaceae,Acidovorax
Bacteria,Proteobacteria,Gammaproteobacteria,Betaproteobacteriales,Burkholderiaceae,Acidovorax
Bacteria,Proteobacteria,Gammaproteobacteria,Betaproteobacteriales,Burkholderiaceae,Acidovorax
Bacteria,Proteobacteria,Gammaproteobacteria,Betaproteobacteriales,Burkholderiaceae,Acidovorax
Bacteria,Proteobacteria,Gammaproteobacteria,Betaproteobacteriales,Burkholderiaceae,Acidovorax
Bacteria,Proteobacteria,Gammaproteobacteria,Betaproteobacteriales,Burkholderiaceae,Acidovorax
Bacteria,Proteobacteria,Gammaproteobacteria,Betaproteobacteriales,Burkholderiaceae,Acidovorax
Bacteria,Proteobacteria,Gammaproteobacteria,Betaproteobacteriales,Burkholderiaceae,Acidovorax
Bacteria,Proteobacteria,Gammaproteobacteria,Betaproteobacteriales,Burkholderiaceae,Acidovorax
Bacteria,Proteobacteria,Gammaproteobacteria,Betaproteobacteriales,Burkholderiaceae,Acidovorax
Bacteria,Proteobacteria,Gammaproteobacteria,Betaproteobacteriales,Burkholderiaceae,Caenimonas
Bacteria,Proteobacteria,Gammaproteobacteria,Betaproteobacteriales,Burkholderiaceae,Comamonas
Bacteria,Proteobacteria,Gammaproteobacteria,Betaproteobacteriales,Burkholderiaceae,Comamonas
Bacteria,Proteobacteria,Gammaproteobacteria,Betaproteobacteriales,Burkholderiaceae,Comamonas
Bacteria,Proteobacteria,Gammaproteobacteria,Betaproteobacteriales,Burkholderiaceae,Comamonas
Bacteria,Proteobacteria,Gammaproteobacteria,Betaproteobacteriales,Burkholderiaceae,Comamonas
Bacteria,Proteobacteria,Gammaproteobacteria,Betaproteobacteriales,Burkholderiaceae,Comamonas
Bacteria,Proteobacteria,Gammaproteobacteria,Betaproteobacteriales,Burkholderiaceae,Comamonas
Bacteria,Proteobacteria,Gammaproteobacteria,Betaproteobacteriales,Burkholderiaceae,Comamonas
Bacteria,Proteobacteria,Gammaproteobacteria,Betaproteobacteriales,Burkholderiaceae,Delftia
Bacteria,Proteobacteria,Gammaproteobacteria,Betaproteobacteriales,Burkholderiaceae,Delftia
Bacteria,Proteobacteria,Gammaproteobacteria,Betaproteobacteriales,Burkholderiaceae,Delftia
Bacteria,Proteobacteria,Gammaproteobacteria,Betaproteobacteriales,Burkholderiaceae,Diaphorobacter
Bacteria,Proteobacteria,Gammaproteobacteria,Betaproteobacteriales,Burkholderiaceae,Diaphorobacter
Bacteria,Proteobacteria,Gammaproteobacteria,Betaproteobacteriales,Burkholderiaceae,Eoetvoesia
Bacteria,Proteobacteria,Gammaproteobacteria,Betaproteobacteriales,Burkholderiaceae,Herminiimonas
Bacteria,Proteobacteria,Gammaproteobacteria,Betaproteobacteriales,Burkholderiaceae,Hydrogenophaga
Bacteria,Proteobacteria,Gammaproteobacteria,Betaproteobacteriales,Burkholderiaceae,Ottowia
Bacteria,Proteobacteria,Gammaproteobacteria,Betaproteobacteriales,Burkholderiaceae,Ottowia
Bacteria,Proteobacteria,Gammaproteobacteria,Betaproteobacteriales,Burkholderiaceae,Paenalcaligenes
Bacteria,Proteobacteria,Gammaproteobacteria,Betaproteobacteriales,Burkholderiaceae,Pelomonas
Bacteria,Proteobacteria,Gammaproteobacteria,Betaproteobacteriales,Burkholderiaceae,Piscinibacter
Bacteria,Proteobacteria,Gammaproteobacteria,Betaproteobacteriales,Burkholderiaceae,Polaromonas
Bacteria,Proteobacteria,Gammaproteobacteria,Betaproteobacteriales,Burkholderiaceae,Rhizobacter
Bacteria,Proteobacteria,Gammaproteobacteria,Betaproteobacteriales,Burkholderiaceae,Rhodoferax
Bacteria,Proteobacteria,Gammaproteobacteria,Betaproteobacteriales,Burkholderiaceae,Rhodoferax
Bacteria,Proteobacteria,Gammaproteobacteria,Betaproteobacteriales,Burkholderiaceae,Rhodoferax
Bacteria,Proteobacteria,Gammaproteobacteria,Betaproteobacteriales,Burkholderiaceae,Rhodoferax
Bacteria,Proteobacteria,Gammaproteobacteria,Betaproteobacteriales,Burkholderiaceae,Simplicispira
Bacteria,Proteobacteria,Gammaproteobacteria,Betaproteobacteriales,Burkholderiaceae,Simplicispira
Bacteria,Proteobacteria,Gammaproteobacteria,Betaproteobacteriales,Burkholderiaceae,Simplicispira
Bacteria,Proteobacteria,Gammaproteobacteria,Betaproteobacteriales,Burkholderiaceae,Simplicispira
Bacteria,Proteobacteria,Gammaproteobacteria,Betaproteobacteriales,Burkholderiaceae,Simplicispira
Bacteria,Proteobacteria,Gammaproteobacteria,Betaproteobacteriales,Burkholderiaceae,Simplicispira
Bacteria,Proteobacteria,Gammaproteobacteria,Betaproteobacteriales,Burkholderiaceae,Simplicispira
Bacteria,Proteobacteria,Gammaproteobacteria,Betaproteobacteriales,Burkholderiaceae,Simplicispira
Bacteria,Proteobacteria,Gammaproteobacteria,Betaproteobacteriales,Burkholderiaceae,Simplicispira
Bacteria,Proteobacteria,Gammaproteobacteria,Betaproteobacteriales,Burkholderiaceae,unclassified
Bacteria,Proteobacteria,Gammaproteobacteria,Betaproteobacteriales,Burkholderiaceae,unclassified
Bacteria,Proteobacteria,Gammaproteobacteria,Betaproteobacteriales,Burkholderiaceae,unclassified
Bacteria,Proteobacteria,Gammaproteobacteria,Betaproteobacteriales,Burkholderiaceae,unclassified
Bacteria,Proteobacteria,Gammaproteobacteria,Betaproteobacteriales,Burkholderiaceae,unclassified
Bacteria,Proteobacteria,Gammaproteobacteria,Betaproteobacteriales,Burkholderiaceae,Undibacterium
Bacteria,Proteobacteria,Gammaproteobacteria,Betaproteobacteriales,Burkholderiaceae,Variovorax
Bacteria,Proteobacteria,Gammaproteobacteria,Betaproteobacteriales,Chitinibacteraceae,Deefgea
Bacteria,Proteobacteria,Gammaproteobacteria,Betaproteobacteriales,Chitinibacteraceae,Iodobacter
Bacteria,Proteobacteria,Gammaproteobacteria,Betaproteobacteriales,Chitinibacteraceae,Iodobacter
Bacteria,Proteobacteria,Gammaproteobacteria,Betaproteobacteriales,Neisseriaceae,unclassified
Bacteria,Proteobacteria,Gammaproteobacteria,Betaproteobacteriales,Neisseriaceae,unclassified
Bacteria,Proteobacteria,Gammaproteobacteria,Betaproteobacteriales,Neisseriaceae,unclassified
Bacteria,Proteobacteria,Gammaproteobacteria,Betaproteobacteriales,Rhodocyclaceae,Dechloromonas
Bacteria,Proteobacteria,Gammaproteobacteria,Betaproteobacteriales,Rhodocyclaceae,Dechloromonas
Bacteria,Proteobacteria,Gammaproteobacteria,Betaproteobacteriales,Rhodocyclaceae,Thauera
Bacteria,Proteobacteria,Gammaproteobacteria,Betaproteobacteriales,Rhodocyclaceae,Thauera
Bacteria,Proteobacteria,Gammaproteobacteria,Betaproteobacteriales,Rhodocyclaceae,Thauera
Bacteria,Proteobacteria,Gammaproteobacteria,Betaproteobacteriales,Rhodocyclaceae,Thauera
Bacteria,Proteobacteria,Gammaproteobacteria,Betaproteobacteriales,Rhodocyclaceae,unclassified
Bacteria,Proteobacteria,Gammaproteobacteria,Betaproteobacteriales,Rhodocyclaceae,Zoogloea
Bacteria,Proteobacteria,Gammaproteobacteria,Betaproteobacteriales,Rhodocyclaceae,Zoogloea
Bacteria,Proteobacteria,Gammaproteobacteria,Betaproteobacteriales,Rhodocyclaceae,Zoogloea
Bacteria,Proteobacteria,Gammaproteobacteria,Betaproteobacteriales,Rhodocyclaceae,Zoogloea
Bacteria,Proteobacteria,Gammaproteobacteria,Betaproteobacteriales,Rhodocyclaceae,Zoogloea
Bacteria,Proteobacteria,Gammaproteobacteria,Betaproteobacteriales,Rhodocyclaceae,Zoogloea
Bacteria,Proteobacteria,Gammaproteobacteria,Cellvibrionales,Cellvibrionaceae,unclassified
Bacteria,Proteobacteria,Gammaproteobacteria,Cellvibrionales,Cellvibrionaceae,unclassified
Bacteria,Proteobacteria,Gammaproteobacteria,Cellvibrionales,Halieaceae,Halioglobus
Bacteria,Proteobacteria,Gammaproteobacteria,Enterobacteriales,Enterobacteriaceae,Budvicia
Bacteria,Proteobacteria,Gammaproteobacteria,Enterobacteriales,Enterobacteriaceae,Citrobacter
Bacteria,Proteobacteria,Gammaproteobacteria,Enterobacteriales,Enterobacteriaceae,Escherichia/Shigella
Bacteria,Proteobacteria,Gammaproteobacteria,Enterobacteriales,Enterobacteriaceae,Klebsiella
Bacteria,Proteobacteria,Gammaproteobacteria,Enterobacteriales,Enterobacteriaceae,Klebsiella
Bacteria,Proteobacteria,Gammaproteobacteria,Enterobacteriales,Enterobacteriaceae,Raoultella
Bacteria,Proteobacteria,Gammaproteobacteria,Enterobacteriales,Enterobacteriaceae,Raoultella
Bacteria,Proteobacteria,Gammaproteobacteria,Enterobacteriales,Enterobacteriaceae,unclassified
Bacteria,Proteobacteria,Gammaproteobacteria,Pseudomonadales,Moraxellaceae,Acinetobacter
Bacteria,Proteobacteria,Gammaproteobacteria,Pseudomonadales,Moraxellaceae,Acinetobacter
Bacteria,Proteobacteria,Gammaproteobacteria,Pseudomonadales,Moraxellaceae,Acinetobacter
Bacteria,Proteobacteria,Gammaproteobacteria,Pseudomonadales,Moraxellaceae,Acinetobacter
Bacteria,Proteobacteria,Gammaproteobacteria,Pseudomonadales,Moraxellaceae,Acinetobacter
Bacteria,Proteobacteria,Gammaproteobacteria,Pseudomonadales,Moraxellaceae,Acinetobacter
Bacteria,Proteobacteria,Gammaproteobacteria,Pseudomonadales,Moraxellaceae,Acinetobacter
Bacteria,Proteobacteria,Gammaproteobacteria,Pseudomonadales,Moraxellaceae,Acinetobacter
Bacteria,Proteobacteria,Gammaproteobacteria,Pseudomonadales,Moraxellaceae,Acinetobacter
Bacteria,Proteobacteria,Gammaproteobacteria,Pseudomonadales,Moraxellaceae,Acinetobacter
Bacteria,Proteobacteria,Gammaproteobacteria,Pseudomonadales,Moraxellaceae,Acinetobacter
Bacteria,Proteobacteria,Gammaproteobacteria,Pseudomonadales,Moraxellaceae,Acinetobacter
Bacteria,Proteobacteria,Gammaproteobacteria,Pseudomonadales,Moraxellaceae,Acinetobacter
Bacteria,Proteobacteria,Gammaproteobacteria,Pseudomonadales,Moraxellaceae,Acinetobacter
Bacteria,Proteobacteria,Gammaproteobacteria,Pseudomonadales,Moraxellaceae,Acinetobacter
Bacteria,Proteobacteria,Gammaproteobacteria,Pseudomonadales,Moraxellaceae,Acinetobacter
Bacteria,Proteobacteria,Gammaproteobacteria,Pseudomonadales,Moraxellaceae,Acinetobacter
Bacteria,Proteobacteria,Gammaproteobacteria,Pseudomonadales,Moraxellaceae,Acinetobacter
Bacteria,Proteobacteria,Gammaproteobacteria,Pseudomonadales,Moraxellaceae,Acinetobacter
Bacteria,Proteobacteria,Gammaproteobacteria,Pseudomonadales,Moraxellaceae,Acinetobacter
Bacteria,Proteobacteria,Gammaproteobacteria,Pseudomonadales,Moraxellaceae,Acinetobacter
Bacteria,Proteobacteria,Gammaproteobacteria,Pseudomonadales,Moraxellaceae,Acinetobacter
Bacteria,Proteobacteria,Gammaproteobacteria,Pseudomonadales,Moraxellaceae,Acinetobacter
Bacteria,Proteobacteria,Gammaproteobacteria,Pseudomonadales,Moraxellaceae,Acinetobacter
Bacteria,Proteobacteria,Gammaproteobacteria,Pseudomonadales,Moraxellaceae,Acinetobacter
Bacteria,Proteobacteria,Gammaproteobacteria,Pseudomonadales,Moraxellaceae,Acinetobacter
Bacteria,Proteobacteria,Gammaproteobacteria,Pseudomonadales,Moraxellaceae,Acinetobacter
Bacteria,Proteobacteria,Gammaproteobacteria,Pseudomonadales,Moraxellaceae,Acinetobacter
Bacteria,Proteobacteria,Gammaproteobacteria,Pseudomonadales,Moraxellaceae,Acinetobacter
Bacteria,Proteobacteria,Gammaproteobacteria,Pseudomonadales,Moraxellaceae,Acinetobacter
Bacteria,Proteobacteria,Gammaproteobacteria,Pseudomonadales,Moraxellaceae,Acinetobacter
Bacteria,Proteobacteria,Gammaproteobacteria,Pseudomonadales,Moraxellaceae,Acinetobacter
Bacteria,Proteobacteria,Gammaproteobacteria,Pseudomonadales,Moraxellaceae,Acinetobacter
Bacteria,Proteobacteria,Gammaproteobacteria,Pseudomonadales,Moraxellaceae,Acinetobacter
Bacteria,Proteobacteria,Gammaproteobacteria,Pseudomonadales,Moraxellaceae,Acinetobacter
Bacteria,Proteobacteria,Gammaproteobacteria,Pseudomonadales,Moraxellaceae,Acinetobacter
Bacteria,Proteobacteria,Gammaproteobacteria,Pseudomonadales,Moraxellaceae,Acinetobacter
Bacteria,Proteobacteria,Gammaproteobacteria,Pseudomonadales,Moraxellaceae,Acinetobacter
Bacteria,Proteobacteria,Gammaproteobacteria,Pseudomonadales,Moraxellaceae,Acinetobacter
Bacteria,Proteobacteria,Gammaproteobacteria,Pseudomonadales,Moraxellaceae,Acinetobacter
Bacteria,Proteobacteria,Gammaproteobacteria,Pseudomonadales,Moraxellaceae,Acinetobacter
Bacteria,Proteobacteria,Gammaproteobacteria,Pseudomonadales,Moraxellaceae,Acinetobacter
Bacteria,Proteobacteria,Gammaproteobacteria,Pseudomonadales,Moraxellaceae,Acinetobacter
Bacteria,Proteobacteria,Gammaproteobacteria,Pseudomonadales,Moraxellaceae,Acinetobacter
Bacteria,Proteobacteria,Gammaproteobacteria,Pseudomonadales,Moraxellaceae,Acinetobacter
Bacteria,Proteobacteria,Gammaproteobacteria,Pseudomonadales,Moraxellaceae,Acinetobacter
Bacteria,Proteobacteria,Gammaproteobacteria,Pseudomonadales,Moraxellaceae,Acinetobacter
Bacteria,Proteobacteria,Gammaproteobacteria,Pseudomonadales,Moraxellaceae,Acinetobacter
Bacteria,Proteobacteria,Gammaproteobacteria,Pseudomonadales,Moraxellaceae,Acinetobacter
Bacteria,Proteobacteria,Gammaproteobacteria,Pseudomonadales,Moraxellaceae,Acinetobacter
Bacteria,Proteobacteria,Gammaproteobacteria,Pseudomonadales,Moraxellaceae,Acinetobacter
Bacteria,Proteobacteria,Gammaproteobacteria,Pseudomonadales,Moraxellaceae,Acinetobacter
Bacteria,Proteobacteria,Gammaproteobacteria,Pseudomonadales,Moraxellaceae,Acinetobacter
Bacteria,Proteobacteria,Gammaproteobacteria,Pseudomonadales,Moraxellaceae,Acinetobacter
Bacteria,Proteobacteria,Gammaproteobacteria,Pseudomonadales,Moraxellaceae,Acinetobacter
Bacteria,Proteobacteria,Gammaproteobacteria,Pseudomonadales,Moraxellaceae,Acinetobacter
Bacteria,Proteobacteria,Gammaproteobacteria,Pseudomonadales,Moraxellaceae,Acinetobacter
Bacteria,Proteobacteria,Gammaproteobacteria,Pseudomonadales,Moraxellaceae,Acinetobacter
Bacteria,Proteobacteria,Gammaproteobacteria,Pseudomonadales,Moraxellaceae,Acinetobacter
Bacteria,Proteobacteria,Gammaproteobacteria,Pseudomonadales,Moraxellaceae,Acinetobacter
Bacteria,Proteobacteria,Gammaproteobacteria,Pseudomonadales,Moraxellaceae,Acinetobacter
Bacteria,Proteobacteria,Gammaproteobacteria,Pseudomonadales,Moraxellaceae,Acinetobacter
Bacteria,Proteobacteria,Gammaproteobacteria,Pseudomonadales,Moraxellaceae,Acinetobacter
Bacteria,Proteobacteria,Gammaproteobacteria,Pseudomonadales,Moraxellaceae,Acinetobacter
Bacteria,Proteobacteria,Gammaproteobacteria,Pseudomonadales,Moraxellaceae,Acinetobacter
Bacteria,Proteobacteria,Gammaproteobacteria,Pseudomonadales,Moraxellaceae,Acinetobacter
Bacteria,Proteobacteria,Gammaproteobacteria,Pseudomonadales,Moraxellaceae,Acinetobacter
Bacteria,Proteobacteria,Gammaproteobacteria,Pseudomonadales,Moraxellaceae,Acinetobacter
Bacteria,Proteobacteria,Gammaproteobacteria,Pseudomonadales,Moraxellaceae,Acinetobacter
Bacteria,Proteobacteria,Gammaproteobacteria,Pseudomonadales,Moraxellaceae,Acinetobacter
Bacteria,Proteobacteria,Gammaproteobacteria,Pseudomonadales,Moraxellaceae,Acinetobacter
Bacteria,Proteobacteria,Gammaproteobacteria,Pseudomonadales,Moraxellaceae,Acinetobacter
Bacteria,Proteobacteria,Gammaproteobacteria,Pseudomonadales,Moraxellaceae,Acinetobacter
Bacteria,Proteobacteria,Gammaproteobacteria,Pseudomonadales,Moraxellaceae,Acinetobacter
Bacteria,Proteobacteria,Gammaproteobacteria,Pseudomonadales,Moraxellaceae,Acinetobacter
Bacteria,Proteobacteria,Gammaproteobacteria,Pseudomonadales,Moraxellaceae,Acinetobacter
Bacteria,Proteobacteria,Gammaproteobacteria,Pseudomonadales,Moraxellaceae,Acinetobacter
Bacteria,Proteobacteria,Gammaproteobacteria,Pseudomonadales,Moraxellaceae,Acinetobacter
Bacteria,Proteobacteria,Gammaproteobacteria,Pseudomonadales,Moraxellaceae,Acinetobacter
Bacteria,Proteobacteria,Gammaproteobacteria,Pseudomonadales,Moraxellaceae,Enhydrobacter
Bacteria,Proteobacteria,Gammaproteobacteria,Pseudomonadales,Moraxellaceae,Enhydrobacter
Bacteria,Proteobacteria,Gammaproteobacteria,Pseudomonadales,Moraxellaceae,unclassified
Bacteria,Proteobacteria,Gammaproteobacteria,Pseudomonadales,Pseudomonadaceae,Azorhizophilus
Bacteria,Proteobacteria,Gammaproteobacteria,Pseudomonadales,Pseudomonadaceae,Azorhizophilus
Bacteria,Proteobacteria,Gammaproteobacteria,Pseudomonadales,Pseudomonadaceae,Pseudomonas
Bacteria,Proteobacteria,Gammaproteobacteria,Pseudomonadales,Pseudomonadaceae,Pseudomonas
Bacteria,Proteobacteria,Gammaproteobacteria,Pseudomonadales,Pseudomonadaceae,Pseudomonas
Bacteria,Proteobacteria,Gammaproteobacteria,Pseudomonadales,Pseudomonadaceae,Pseudomonas
Bacteria,Proteobacteria,Gammaproteobacteria,Pseudomonadales,Pseudomonadaceae,Pseudomonas
Bacteria,Proteobacteria,Gammaproteobacteria,Pseudomonadales,Pseudomonadaceae,Pseudomonas
Bacteria,Proteobacteria,Gammaproteobacteria,Pseudomonadales,Pseudomonadaceae,Pseudomonas
Bacteria,Proteobacteria,Gammaproteobacteria,Pseudomonadales,Pseudomonadaceae,Pseudomonas
Bacteria,Proteobacteria,Gammaproteobacteria,Pseudomonadales,Pseudomonadaceae,Pseudomonas
Bacteria,Proteobacteria,Gammaproteobacteria,Pseudomonadales,Pseudomonadaceae,Pseudomonas
Bacteria,Proteobacteria,Gammaproteobacteria,Pseudomonadales,Pseudomonadaceae,Pseudomonas
Bacteria,Proteobacteria,Gammaproteobacteria,Pseudomonadales,Pseudomonadaceae,Pseudomonas
Bacteria,Proteobacteria,Gammaproteobacteria,Pseudomonadales,Pseudomonadaceae,Pseudomonas
Bacteria,Proteobacteria,Gammaproteobacteria,Pseudomonadales,Pseudomonadaceae,Pseudomonas
Bacteria,Proteobacteria,Gammaproteobacteria,Pseudomonadales,Pseudomonadaceae,Pseudomonas
Bacteria,Proteobacteria,Gammaproteobacteria,Pseudomonadales,Pseudomonadaceae,Pseudomonas
Bacteria,Proteobacteria,Gammaproteobacteria,Pseudomonadales,Pseudomonadaceae,Pseudomonas
Bacteria,Proteobacteria,Gammaproteobacteria,Pseudomonadales,Pseudomonadaceae,Pseudomonas
Bacteria,Proteobacteria,Gammaproteobacteria,Pseudomonadales,Pseudomonadaceae,Pseudomonas
Bacteria,Proteobacteria,Gammaproteobacteria,Pseudomonadales,Pseudomonadaceae,Pseudomonas
Bacteria,Proteobacteria,Gammaproteobacteria,Pseudomonadales,Pseudomonadaceae,Pseudomonas
Bacteria,Proteobacteria,Gammaproteobacteria,Pseudomonadales,Pseudomonadaceae,Pseudomonas
Bacteria,Proteobacteria,Gammaproteobacteria,Pseudomonadales,Pseudomonadaceae,Pseudomonas
Bacteria,Proteobacteria,Gammaproteobacteria,Pseudomonadales,Pseudomonadaceae,Pseudomonas
Bacteria,Proteobacteria,Gammaproteobacteria,Pseudomonadales,Pseudomonadaceae,Pseudomonas
Bacteria,Proteobacteria,Gammaproteobacteria,Pseudomonadales,Pseudomonadaceae,Pseudomonas
Bacteria,Proteobacteria,Gammaproteobacteria,Pseudomonadales,Pseudomonadaceae,Pseudomonas
Bacteria,Proteobacteria,Gammaproteobacteria,Pseudomonadales,Pseudomonadaceae,Pseudomonas
Bacteria,Proteobacteria,Gammaproteobacteria,Pseudomonadales,Pseudomonadaceae,Pseudomonas
Bacteria,Proteobacteria,Gammaproteobacteria,Pseudomonadales,Pseudomonadaceae,Pseudomonas
Bacteria,Proteobacteria,Gammaproteobacteria,Pseudomonadales,Pseudomonadaceae,Pseudomonas
Bacteria,Proteobacteria,Gammaproteobacteria,Pseudomonadales,Pseudomonadaceae,Pseudomonas
Bacteria,Proteobacteria,Gammaproteobacteria,Pseudomonadales,Pseudomonadaceae,Pseudomonas
Bacteria,Proteobacteria,Gammaproteobacteria,Pseudomonadales,Pseudomonadaceae,Pseudomonas
Bacteria,Proteobacteria,Gammaproteobacteria,Pseudomonadales,Pseudomonadaceae,Pseudomonas
Bacteria,Proteobacteria,Gammaproteobacteria,Pseudomonadales,Pseudomonadaceae,Pseudomonas
Bacteria,Proteobacteria,Gammaproteobacteria,Pseudomonadales,Pseudomonadaceae,Pseudomonas
Bacteria,Proteobacteria,Gammaproteobacteria,Pseudomonadales,Pseudomonadaceae,Pseudomonas
Bacteria,Proteobacteria,Gammaproteobacteria,Pseudomonadales,Pseudomonadaceae,Pseudomonas
Bacteria,Proteobacteria,Gammaproteobacteria,Pseudomonadales,Pseudomonadaceae,Pseudomonas
Bacteria,Proteobacteria,Gammaproteobacteria,Pseudomonadales,Pseudomonadaceae,Pseudomonas
Bacteria,Proteobacteria,Gammaproteobacteria,Pseudomonadales,Pseudomonadaceae,Pseudomonas
Bacteria,Proteobacteria,Gammaproteobacteria,Pseudomonadales,Pseudomonadaceae,Pseudomonas
Bacteria,Proteobacteria,Gammaproteobacteria,Pseudomonadales,Pseudomonadaceae,Pseudomonas
Bacteria,Proteobacteria,Gammaproteobacteria,Pseudomonadales,Pseudomonadaceae,Pseudomonas
Bacteria,Proteobacteria,Gammaproteobacteria,Pseudomonadales,Pseudomonadaceae,Pseudomonas
Bacteria,Proteobacteria,Gammaproteobacteria,Pseudomonadales,Pseudomonadaceae,Pseudomonas
Bacteria,Proteobacteria,Gammaproteobacteria,Pseudomonadales,Pseudomonadaceae,Pseudomonas
Bacteria,Proteobacteria,Gammaproteobacteria,Pseudomonadales,Pseudomonadaceae,Pseudomonas
Bacteria,Proteobacteria,Gammaproteobacteria,Pseudomonadales,Pseudomonadaceae,Pseudomonas
Bacteria,Proteobacteria,Gammaproteobacteria,Pseudomonadales,Pseudomonadaceae,Pseudomonas
Bacteria,Proteobacteria,Gammaproteobacteria,Pseudomonadales,Pseudomonadaceae,Pseudomonas
Bacteria,Proteobacteria,Gammaproteobacteria,Pseudomonadales,Pseudomonadaceae,Pseudomonas
Bacteria,Proteobacteria,Gammaproteobacteria,Pseudomonadales,Pseudomonadaceae,Pseudomonas
Bacteria,Proteobacteria,Gammaproteobacteria,Pseudomonadales,Pseudomonadaceae,Pseudomonas
Bacteria,Proteobacteria,Gammaproteobacteria,Pseudomonadales,Pseudomonadaceae,Pseudomonas
Bacteria,Proteobacteria,Gammaproteobacteria,Pseudomonadales,Pseudomonadaceae,Pseudomonas
Bacteria,Proteobacteria,Gammaproteobacteria,Pseudomonadales,Pseudomonadaceae,Pseudomonas
Bacteria,Proteobacteria,Gammaproteobacteria,Pseudomonadales,Pseudomonadaceae,Pseudomonas
Bacteria,Proteobacteria,Gammaproteobacteria,Pseudomonadales,Pseudomonadaceae,Pseudomonas
Bacteria,Proteobacteria,Gammaproteobacteria,Pseudomonadales,Pseudomonadaceae,Pseudomonas
Bacteria,Proteobacteria,Gammaproteobacteria,Pseudomonadales,Pseudomonadaceae,Pseudomonas
Bacteria,Proteobacteria,Gammaproteobacteria,Pseudomonadales,Pseudomonadaceae,Pseudomonas
Bacteria,Proteobacteria,Gammaproteobacteria,Pseudomonadales,Pseudomonadaceae,Pseudomonas
Bacteria,Proteobacteria,Gammaproteobacteria,Pseudomonadales,Pseudomonadaceae,Pseudomonas
Bacteria,Proteobacteria,Gammaproteobacteria,Pseudomonadales,Pseudomonadaceae,Pseudomonas
Bacteria,Proteobacteria,Gammaproteobacteria,Pseudomonadales,Pseudomonadaceae,Pseudomonas
Bacteria,Proteobacteria,Gammaproteobacteria,Pseudomonadales,Pseudomonadaceae,Pseudomonas
Bacteria,Proteobacteria,Gammaproteobacteria,Pseudomonadales,Pseudomonadaceae,Pseudomonas
Bacteria,Proteobacteria,Gammaproteobacteria,Pseudomonadales,Pseudomonadaceae,Pseudomonas
Bacteria,Proteobacteria,Gammaproteobacteria,Pseudomonadales,Pseudomonadaceae,Pseudomonas
Bacteria,Proteobacteria,Gammaproteobacteria,Pseudomonadales,Pseudomonadaceae,Pseudomonas
Bacteria,Proteobacteria,Gammaproteobacteria,Pseudomonadales,Pseudomonadaceae,unclassified
Bacteria,Proteobacteria,Gammaproteobacteria,Pseudomonadales,Pseudomonadaceae,unclassified
Bacteria,Proteobacteria,Gammaproteobacteria,Pseudomonadales,Pseudomonadaceae,unclassified
Bacteria,Proteobacteria,Gammaproteobacteria,Pseudomonadales,Pseudomonadaceae,unclassified
Bacteria,Proteobacteria,Gammaproteobacteria,Pseudomonadales,Pseudomonadaceae,unclassified
Bacteria,Proteobacteria,Gammaproteobacteria,Pseudomonadales,Pseudomonadaceae,unclassified
Bacteria,Proteobacteria,Gammaproteobacteria,Pseudomonadales,Pseudomonadaceae,unclassified
Bacteria,Proteobacteria,Gammaproteobacteria,Pseudomonadales,unclassified,unclassified
Bacteria,Proteobacteria,Gammaproteobacteria,Pseudomonadales,unclassified,unclassified
Bacteria,Proteobacteria,Gammaproteobacteria,Pseudomonadales,unclassified,unclassified
Bacteria,Proteobacteria,Gammaproteobacteria,unclassified,unclassified,unclassified
Bacteria,Proteobacteria,Gammaproteobacteria,unclassified,unclassified,unclassified
Bacteria,Proteobacteria,Gammaproteobacteria,unclassified,unclassified,unclassified
Bacteria,Proteobacteria,Gammaproteobacteria,unclassified,unclassified,unclassified
Bacteria,Proteobacteria,Gammaproteobacteria,unclassified,unclassified,unclassified
Bacteria,Proteobacteria,Gammaproteobacteria,unclassified,unclassified,unclassified
Bacteria,Proteobacteria,Gammaproteobacteria,unclassified,unclassified,unclassified
Bacteria,Proteobacteria,Gammaproteobacteria,unclassified,unclassified,unclassified
Bacteria,Proteobacteria,Gammaproteobacteria,unclassified,unclassified,unclassified
Bacteria,Proteobacteria,Gammaproteobacteria,unclassified,unclassified,unclassified
Bacteria,Proteobacteria,Gammaproteobacteria,unclassified,unclassified,unclassified
Bacteria,Proteobacteria,Gammaproteobacteria,unclassified,unclassified,unclassified
Bacteria,Proteobacteria,Gammaproteobacteria,unclassified,unclassified,unclassified
Bacteria,Proteobacteria,Gammaproteobacteria,unclassified,unclassified,unclassified
Bacteria,Proteobacteria,Gammaproteobacteria,unclassified,unclassified,unclassified
Bacteria,Proteobacteria,Gammaproteobacteria,unclassified,unclassified,unclassified
Bacteria,Proteobacteria,Gammaproteobacteria,Xanthomonadales,Rhodanobacteraceae,Dokdonella
Bacteria,Proteobacteria,Gammaproteobacteria,Xanthomonadales,Rhodanobacteraceae,Luteibacter
Bacteria,Proteobacteria,Gammaproteobacteria,Xanthomonadales,Xanthomonadaceae,Arenimonas
Bacteria,Proteobacteria,Gammaproteobacteria,Xanthomonadales,Xanthomonadaceae,Arenimonas
Bacteria,Proteobacteria,Gammaproteobacteria,Xanthomonadales,Xanthomonadaceae,Luteimonas
Bacteria,Proteobacteria,Gammaproteobacteria,Xanthomonadales,Xanthomonadaceae,Lysobacter
Bacteria,Proteobacteria,Gammaproteobacteria,Xanthomonadales,Xanthomonadaceae,Pseudoxanthomonas
Bacteria,Proteobacteria,Gammaproteobacteria,Xanthomonadales,Xanthomonadaceae,Pseudoxanthomonas
Bacteria,Proteobacteria,Gammaproteobacteria,Xanthomonadales,Xanthomonadaceae,Pseudoxanthomonas
Bacteria,Proteobacteria,Gammaproteobacteria,Xanthomonadales,Xanthomonadaceae,Pseudoxanthomonas
Bacteria,Proteobacteria,Gammaproteobacteria,Xanthomonadales,Xanthomonadaceae,Pseudoxanthomonas
Bacteria,Proteobacteria,Gammaproteobacteria,Xanthomonadales,Xanthomonadaceae,Pseudoxanthomonas
Bacteria,Proteobacteria,Gammaproteobacteria,Xanthomonadales,Xanthomonadaceae,Pseudoxanthomonas
Bacteria,Proteobacteria,Gammaproteobacteria,Xanthomonadales,Xanthomonadaceae,Pseudoxanthomonas
Bacteria,Proteobacteria,Gammaproteobacteria,Xanthomonadales,Xanthomonadaceae,Stenotrophomonas
Bacteria,Proteobacteria,Gammaproteobacteria,Xanthomonadales,Xanthomonadaceae,Stenotrophomonas
Bacteria,Proteobacteria,Gammaproteobacteria,Xanthomonadales,Xanthomonadaceae,Stenotrophomonas
Bacteria,Proteobacteria,Gammaproteobacteria,Xanthomonadales,Xanthomonadaceae,Stenotrophomonas
Bacteria,Proteobacteria,Gammaproteobacteria,Xanthomonadales,Xanthomonadaceae,Stenotrophomonas
Bacteria,Proteobacteria,Gammaproteobacteria,Xanthomonadales,Xanthomonadaceae,Stenotrophomonas
Bacteria,Proteobacteria,Gammaproteobacteria,Xanthomonadales,Xanthomonadaceae,Stenotrophomonas
Bacteria,Proteobacteria,Gammaproteobacteria,Xanthomonadales,Xanthomonadaceae,Stenotrophomonas
Bacteria,Proteobacteria,Gammaproteobacteria,Xanthomonadales,Xanthomonadaceae,Stenotrophomonas
Bacteria,Proteobacteria,Gammaproteobacteria,Xanthomonadales,Xanthomonadaceae,Stenotrophomonas
Bacteria,Proteobacteria,Gammaproteobacteria,Xanthomonadales,Xanthomonadaceae,Stenotrophomonas
Bacteria,Proteobacteria,Gammaproteobacteria,Xanthomonadales,Xanthomonadaceae,Stenotrophomonas
Bacteria,Proteobacteria,Gammaproteobacteria,Xanthomonadales,Xanthomonadaceae,Stenotrophomonas
Bacteria,Proteobacteria,Gammaproteobacteria,Xanthomonadales,Xanthomonadaceae,Stenotrophomonas
Bacteria,Proteobacteria,Gammaproteobacteria,Xanthomonadales,Xanthomonadaceae,Thermomonas
Bacteria,Proteobacteria,Gammaproteobacteria,Xanthomonadales,Xanthomonadaceae,Thermomonas
Bacteria,Proteobacteria,Gammaproteobacteria,Xanthomonadales,Xanthomonadaceae,Thermomonas
Bacteria,Proteobacteria,Gammaproteobacteria,Xanthomonadales,Xanthomonadaceae,Thermomonas
Bacteria,Proteobacteria,Gammaproteobacteria,Xanthomonadales,Xanthomonadaceae,Thermomonas
Bacteria,Proteobacteria,Gammaproteobacteria,Xanthomonadales,Xanthomonadaceae,Thermomonas
Bacteria,Proteobacteria,Gammaproteobacteria,Xanthomonadales,Xanthomonadaceae,Thermomonas
Bacteria,Proteobacteria,Gammaproteobacteria,Xanthomonadales,Xanthomonadaceae,unclassified
Bacteria,Proteobacteria,Gammaproteobacteria,Xanthomonadales,Xanthomonadaceae,unclassified
Bacteria,WPS-2,unclassified,unclassified,unclassified,unclassified